{
    "angry": 0.00109730126496288,
    "disgust": 2.438297064255579e-08,
    "fear": 2.0617883652448654,
    "happy": 6.720080136801698e-05,
    "sad": 97.92777895927429,
    "surprise": 0.00038221251088543795,
    "neutral": 0.008888517913874239
}