{
    "emotion": {
        "angry": 0.0011820427766600508,
        "disgust": 3.902902400749172e-08,
        "fear": 5.435166459391502,
        "happy": 0.0002918228748284527,
        "sad": 94.55400672876875,
        "surprise": 0.00145391786216711,
        "neutral": 0.007896154163502032
    }
}